date,Drenthe,Flevoland,Friesland,Gelderland,Groningen,Limburg,Noord-Brabant,Noord-Holland,Overijssel,Utrecht,Zeeland,Zuid-Holland,total
2020-03-02,1,0,0,0,0,0,6,3,0,0,0,1,11
2020-03-03,1,0,0,0,0,1,6,0,0,6,0,3,17
2020-03-04,0,1,0,3,0,2,14,6,1,3,0,6,36
2020-03-05,1,2,1,10,1,7,11,9,4,21,2,10,79
2020-03-06,1,1,0,10,0,7,14,6,3,8,0,9,59
2020-03-07,0,1,1,9,0,5,29,11,4,14,3,7,84
2020-03-08,5,0,4,17,1,7,39,6,4,5,1,15,104
2020-03-09,3,0,0,1,2,11,44,6,8,3,3,5,86
2020-03-10,4,0,2,6,1,11,22,10,2,5,4,13,80
2020-03-11,1,3,1,11,0,19,55,8,2,11,1,19,131
2020-03-12,3,0,2,16,0,5,45,6,3,12,0,1,93
2020-03-13,1,2,1,16,1,11,92,19,3,4,0,15,165
2020-03-14,1,5,1,9,0,37,38,14,3,4,0,11,123
2020-03-15,0,5,2,17,3,21,39,7,1,21,0,12,128
2020-03-16,0,3,1,27,1,18,105,23,6,27,4,23,238
2020-03-17,0,2,1,36,0,43,81,32,8,33,2,36,274
2020-03-18,5,5,4,33,5,59,92,19,13,23,6,54,318
2020-03-19,2,6,1,25,14,32,114,65,15,37,5,66,382
2020-03-20,5,5,1,60,4,61,128,80,22,30,5,93,494
2020-03-21,5,9,10,57,13,51,168,99,59,46,10,74,601
2020-03-22,2,7,1,58,10,29,216,70,26,31,2,94,546
2020-03-23,7,7,5,81,12,44,150,63,29,57,6,60,521
2020-03-24,6,7,5,74,3,189,177,135,32,57,9,106,800
2020-03-25,6,11,10,99,13,95,176,130,68,90,13,129,840
2020-03-26,11,10,14,122,27,93,239,155,69,81,14,153,988
2020-03-27,7,13,13,129,11,85,326,193,58,87,18,202,1142
2020-03-28,18,12,15,132,11,130,252,160,68,81,11,253,1143
2020-03-29,15,17,22,177,7,95,272,149,72,83,14,155,1078
2020-03-30,4,7,5,102,6,113,212,145,57,72,14,142,879
2020-03-31,11,17,14,114,7,99,177,163,77,69,22,219,989
2020-04-01,15,15,16,116,8,97,173,154,74,71,17,217,973
2020-04-02,13,17,14,111,9,98,175,161,76,69,23,212,978
2020-04-03,12,16,15,113,7,97,172,159,76,74,19,217,977
2020-04-04,15,14,20,119,14,97,179,156,75,66,19,220,994
2020-04-05,12,16,14,113,7,97,172,159,76,74,19,217,976
2020-04-06,13,17,14,111,9,98,175,161,76,69,23,212,978
2020-04-07,15,15,16,116,8,97,173,154,74,71,17,217,973
2020-04-08,11,17,14,114,7,99,177,163,77,69,22,219,989
2020-04-09,17,14,36,137,7,124,201,174,76,58,30,311,1185
2020-04-10,17,28,32,161,12,103,248,222,190,60,26,214,1313
2020-04-11,23,37,15,154,14,127,158,150,95,55,27,405,1260
2020-04-12,15,15,18,167,10,119,244,173,73,76,15,222,1147
2020-04-13,9,34,13,208,8,44,136,92,56,70,25,255,950
2020-04-14,6,8,9,114,1,185,168,97,57,66,18,141,870
2020-04-15,6,15,10,116,6,45,114,106,51,68,5,194,736
2020-04-16,15,21,29,122,5,98,199,138,89,65,2,272,1055
2020-04-17,15,48,22,162,6,136,167,205,115,68,20,263,1227
2020-04-18,18,45,11,160,3,113,186,150,57,66,11,301,1121
2020-04-19,12,21,14,202,5,97,164,131,75,57,13,262,1053
2020-04-20,9,6,3,141,4,83,157,98,48,46,7,139,741
2020-04-21,6,21,6,98,4,86,137,100,64,54,4,143,723
2020-04-22,5,21,13,89,3,93,116,106,37,47,8,170,708
2020-04-23,16,28,7,135,4,77,123,140,61,63,14,211,879
2020-04-24,16,12,12,111,9,103,152,84,48,67,3,172,789
2020-04-25,12,25,4,94,3,47,120,73,38,43,3,187,649
2020-04-26,0,21,4,72,0,52,143,87,46,69,4,139,637
2020-04-27,12,5,1,41,0,65,97,43,9,28,2,94,397
2020-04-28,0,3,2,23,0,18,39,37,5,25,10,19,181
2020-04-29,6,9,4,76,1,48,33,72,30,22,1,94,396
2020-04-30,6,9,3,59,3,59,100,52,39,43,3,139,515
2020-05-01,2,15,3,64,3,39,104,163,25,39,4,116,577
2020-05-02,6,16,5,68,0,49,83,71,27,30,3,93,451
2020-05-03,0,2,0,63,0,24,74,34,19,25,2,89,332
2020-05-04,4,6,2,24,1,44,36,24,12,19,5,31,208
2020-05-05,4,15,1,29,3,15,35,68,17,50,2,82,321
2020-05-06,2,17,5,33,1,20,16,59,9,6,12,55,235
2020-05-07,0,5,3,25,1,24,52,49,18,167,8,97,449
2020-05-08,1,13,19,37,0,44,36,44,21,22,5,84,326
2020-05-09,1,14,5,19,0,24,66,49,17,26,1,92,314
2020-05-10,1,15,5,25,1,27,28,38,1,25,3,69,238
2020-05-11,1,1,6,22,3,18,21,37,0,11,2,46,168
2020-05-12,1,8,6,25,0,10,37,24,12,11,1,61,196
2020-05-13,1,3,2,18,0,21,18,34,13,20,1,96,227
2020-05-14,0,2,2,25,1,19,47,52,12,21,2,86,269
2020-05-15,1,6,2,16,0,36,21,38,6,14,4,56,200
2020-05-16,0,4,2,20,0,16,33,28,11,25,0,56,195
2020-05-17,0,6,1,26,0,8,11,14,4,16,1,36,123
2020-05-18,1,2,1,13,0,11,18,16,1,17,4,64,148
2020-05-19,0,1,0,16,0,3,19,16,6,10,1,35,107
2020-05-20,2,6,2,21,0,4,29,30,8,18,3,59,182
2020-05-21,0,5,2,20,2,16,21,32,8,25,8,87,226
2020-05-22,2,4,2,29,0,18,16,34,7,23,2,50,187
2020-05-23,3,0,0,24,0,30,31,22,9,20,4,37,180
2020-05-24,0,2,1,36,0,7,24,12,7,19,4,45,157
2020-05-25,1,1,0,45,0,17,16,8,5,20,6,50,169
2020-05-26,0,6,0,28,0,7,26,8,6,11,1,31,124
2020-05-27,0,5,1,36,0,5,21,30,6,24,3,64,195
2020-05-28,0,4,0,39,1,14,45,15,5,21,3,39,186
2020-05-29,0,3,2,44,0,11,22,13,2,23,12,41,173
2020-05-30,0,2,0,32,1,6,24,21,3,13,1,28,131
2020-05-31,4,6,0,27,1,9,36,23,4,37,5,31,183
2020-06-01,0,2,0,21,0,9,7,11,1,16,1,32,100
2020-06-02,2,0,0,18,0,7,21,5,0,21,4,23,101
2020-06-03,0,2,0,9,0,9,17,7,0,13,2,30,89
2020-06-04,2,8,3,21,1,7,34,11,5,30,6,67,195
2020-06-05,3,3,1,35,0,18,41,11,4,27,3,61,207
2020-06-06,1,4,0,26,2,15,29,9,7,18,1,68,180
2020-06-07,4,2,1,30,0,14,20,82,4,19,2,58,236
2020-06-08,0,0,1,36,0,8,38,28,4,13,0,38,166
2020-06-09,0,1,2,20,0,11,22,15,4,17,0,74,166
2020-06-10,1,3,1,30,0,6,27,32,4,23,5,50,182
2020-06-11,1,1,2,19,1,9,28,31,2,14,1,57,166
2020-06-12,0,3,4,31,1,8,40,15,0,21,1,83,207
2020-06-13,0,1,4,21,0,12,34,32,0,10,3,53,170
2020-06-14,3,2,0,18,2,9,21,21,9,12,1,41,139
2020-06-15,1,7,1,40,0,2,11,24,12,17,2,44,161
2020-06-16,0,1,0,4,0,4,27,29,6,18,0,48,137
2020-06-17,2,2,0,9,1,4,23,23,1,12,0,40,117
2020-06-18,0,3,0,14,2,6,14,25,3,3,2,48,120
2020-06-19,0,0,1,15,0,4,20,11,4,8,0,34,97
2020-06-20,0,0,0,12,0,4,7,10,4,8,1,36,82
2020-06-21,0,1,0,13,0,5,16,5,13,14,0,25,92
2020-06-22,0,0,0,11,0,2,8,7,5,7,1,25,66
2020-06-23,0,0,0,5,0,2,10,12,1,10,1,24,65
2020-06-24,0,4,1,3,3,3,18,17,3,5,1,25,83
2020-06-25,0,1,0,15,0,4,16,10,2,17,1,41,107
2020-06-26,0,0,0,9,0,1,14,16,5,9,1,38,93
2020-06-27,0,2,0,16,0,0,8,15,1,6,0,24,72
2020-06-28,0,2,1,6,0,1,2,11,6,8,0,36,73
2020-06-29,0,0,0,9,0,1,12,9,4,9,0,35,79
2020-06-30,0,0,0,1,0,0,5,10,3,5,0,27,51
2020-07-01,0,0,0,6,0,3,8,12,2,4,0,25,60
2020-07-02,0,0,2,6,0,3,8,19,2,1,2,32,75
2020-07-03,0,0,0,3,0,5,7,20,5,2,1,28,71
2020-07-04,0,0,1,1,0,1,13,12,0,11,1,22,62
2020-07-05,0,0,1,4,2,1,9,10,3,13,3,27,73
2020-07-06,0,0,0,2,0,1,3,5,1,6,0,23,41
2020-07-07,0,0,0,1,0,1,12,7,1,3,0,10,35
2020-07-08,0,0,1,5,1,0,10,12,1,0,1,18,49
2020-07-09,0,0,0,2,1,0,9,7,1,4,0,23,47
2020-07-10,1,0,1,4,0,0,12,13,2,5,0,18,56
2020-07-11,0,0,0,2,1,0,14,13,4,9,2,35,80
2020-07-12,0,0,1,5,0,0,4,9,4,7,0,49,79
2020-07-13,0,0,0,4,0,0,3,16,1,9,2,25,60
2020-07-14,0,0,1,0,0,0,4,8,1,8,7,52,81
2020-07-15,2,0,0,1,0,5,5,14,5,14,8,48,102
2020-07-16,0,0,2,0,0,1,16,24,2,14,6,45,110
2020-07-17,2,0,1,0,0,1,17,19,4,9,6,51,110
2020-07-18,3,0,1,6,0,5,16,20,2,10,14,48,125
2020-07-19,0,0,0,3,1,1,19,44,4,15,6,52,145
2020-07-20,0,1,0,7,0,4,23,35,10,24,6,73,183
2020-07-21,1,1,0,10,1,3,14,34,3,10,3,80,160
2020-07-22,2,0,2,6,0,1,26,36,4,13,3,73,166
2020-07-23,3,1,0,3,0,0,9,31,0,16,6,92,161
2020-07-24,1,2,2,5,1,4,24,41,1,4,6,102,193
2020-07-25,2,3,0,7,2,3,14,31,2,19,7,46,136
2020-07-26,1,1,0,12,3,2,27,46,1,16,5,98,212
2020-07-27,0,1,1,6,2,4,16,61,4,9,8,90,202
2020-07-28,0,2,0,5,2,2,35,49,0,10,8,110,223
2020-07-29,0,4,1,5,1,3,39,43,6,24,8,108,242
2020-07-30,1,1,1,12,2,4,43,96,0,23,8,146,337
2020-07-31,1,9,2,15,3,2,36,72,3,36,4,156,339
2020-08-01,1,8,1,22,3,7,50,95,7,22,4,202,422
2020-08-02,1,4,3,14,2,3,61,58,3,24,5,185,363
2020-08-03,1,8,1,1,3,5,53,72,7,17,8,195,371
2020-08-04,0,6,0,8,7,4,51,178,3,26,10,195,488
2020-08-05,5,3,0,7,5,7,53,89,5,25,6,215,420
2020-08-06,3,5,0,19,6,2,60,201,11,51,5,236,599
2020-08-07,1,5,1,23,7,9,70,115,12,51,4,220,518
2020-08-08,3,4,3,19,7,7,72,134,10,36,7,183,485
2020-08-09,5,5,2,31,7,17,85,128,5,34,6,240,565
2020-08-10,0,2,14,20,9,12,66,210,8,33,0,253,627
2020-08-11,2,45,13,35,5,21,107,185,7,43,26,287,776
2020-08-12,2,10,11,32,10,13,57,154,14,44,6,294,647
2020-08-13,3,9,9,25,14,17,51,120,15,51,4,247,565
2020-08-14,1,19,11,25,12,18,71,194,17,36,3,227,634
2020-08-15,2,6,5,21,8,36,69,194,7,29,5,267,649
2020-08-16,1,10,6,29,10,21,72,130,11,35,5,168,498
2020-08-17,3,13,11,19,9,6,61,162,9,31,1,155,480
2020-08-18,1,7,12,21,11,11,67,157,15,23,3,160,488
2020-08-19,1,15,8,33,5,13,66,156,8,45,9,187,546
2020-08-20,3,13,4,26,8,23,50,166,18,33,7,179,530
2020-08-21,2,13,4,36,7,23,82,140,24,35,6,162,534
2020-08-22,3,16,6,29,9,23,61,88,15,48,15,191,504
2020-08-23,4,11,7,41,6,28,68,105,13,32,9,127,451
2020-08-24,0,6,5,52,3,19,85,168,12,35,5,185,575
2020-08-25,3,12,4,36,5,25,59,142,5,24,2,98,415
2020-08-26,1,8,8,35,5,24,99,132,16,38,1,204,571
2020-08-27,2,9,3,36,6,22,72,132,6,49,7,160,504
2020-08-28,1,12,3,44,10,18,88,133,7,34,4,154,508
2020-08-29,1,16,7,31,4,26,86,127,13,38,12,138,499
2020-08-30,2,8,5,34,2,17,65,101,12,50,3,206,505
2020-08-31,1,3,5,27,8,24,70,160,10,49,3,165,525
2020-09-01,0,13,1,29,2,19,51,130,3,37,0,176,461
2020-09-02,0,14,2,41,4,23,70,198,18,70,2,287,729
2020-09-03,2,17,5,32,8,17,64,151,16,32,3,248,595
2020-09-04,3,8,6,39,7,26,74,207,9,73,6,278,736
2020-09-05,2,17,2,45,7,22,80,180,17,66,10,196,644
2020-09-06,3,24,6,73,6,25,97,207,24,71,12,373,921
2020-09-07,6,18,8,68,12,18,86,215,15,85,3,257,791
2020-09-08,0,19,1,70,13,18,90,299,13,97,7,329,956
2020-09-09,3,27,9,88,16,26,114,263,27,102,4,449,1128
2020-09-10,7,16,5,94,17,31,84,224,24,45,0,278,825
2020-09-11,1,25,6,90,29,36,101,304,33,97,14,529,1265
2020-09-12,5,22,5,109,34,37,112,312,17,110,10,435,1208
2020-09-13,8,23,10,72,22,38,119,326,31,67,10,350,1076
2020-09-14,5,27,12,131,34,34,113,315,44,108,4,471,1298
2020-09-15,8,25,19,118,41,25,109,412,41,112,8,457,1375
2020-09-16,10,40,17,139,34,33,122,413,44,115,8,557,1532
2020-09-17,15,30,24,139,36,48,168,432,60,179,22,574,1727
2020-09-18,18,31,22,141,42,32,196,561,40,163,15,699,1960
2020-09-19,16,48,27,157,49,58,213,514,63,144,18,556,1863
2020-09-20,23,25,45,131,53,38,144,490,71,131,14,664,1829
2020-09-21,46,25,27,224,80,39,248,464,55,183,22,782,2195
2020-09-22,16,40,30,168,85,37,265,621,64,158,6,731,2221
2020-09-23,35,49,29,257,86,63,316,523,67,202,18,692,2337
2020-09-24,46,51,29,217,61,55,323,544,117,222,27,840,2532
2020-09-25,63,52,61,299,78,70,324,653,112,230,14,803,2759
2020-09-26,33,45,80,236,49,52,271,669,88,221,14,927,2685
2020-09-27,46,34,44,235,43,84,332,777,109,230,10,1027,2971
2020-09-28,94,46,74,268,86,112,351,500,86,240,7,1010,2874
2020-09-29,47,62,70,323,86,77,378,709,129,223,14,884,3002
2020-09-30,30,56,93,257,84,82,312,774,126,315,21,1123,3273
2020-10-01,49,48,91,309,69,103,349,723,140,284,29,1035,3229
2020-10-02,73,47,99,365,69,87,533,716,249,329,21,1222,3810
2020-10-03,56,66,69,264,207,112,556,797,90,411,23,1273,3924
2020-10-04,67,74,64,342,117,143,484,871,176,332,50,1256,3976
2020-10-05,73,73,104,395,141,112,600,795,371,328,37,1532,4561
2020-10-06,40,92,90,542,93,120,696,931,221,454,37,1175,4491
2020-10-07,54,68,106,384,95,159,657,1049,303,498,38,1543,4954
2020-10-08,97,74,133,596,149,179,799,1043,294,514,62,1807,5747
2020-10-09,96,105,108,558,129,158,773,1115,259,613,53,1975,5942
2020-10-10,160,117,114,634,110,266,1089,1204,336,614,43,1751,6438
2020-10-11,220,93,179,592,155,256,967,1055,345,554,71,1845,6332
2020-10-12,205,119,294,591,193,277,909,1209,423,611,50,1920,6801
2020-10-13,134,131,143,690,170,238,952,1515,452,832,21,2048,7326
2020-10-14,130,146,125,724,120,281,1256,1473,319,496,83,2072,7225
2020-10-15,179,127,195,802,204,240,1388,1191,284,857,73,2215,7755
2020-10-16,151,184,158,660,156,276,1208,1653,628,779,76,2024,7953
2020-10-17,140,183,147,760,143,351,1105,1732,570,740,89,2110,8070
2020-10-18,209,72,171,709,229,391,1055,1437,471,799,78,2533,8154
2020-10-19,209,109,147,722,160,350,1122,1460,573,873,79,2142,7946
2020-10-20,147,155,158,797,149,292,1476,1643,458,638,37,2165,8115
2020-10-21,127,178,138,846,115,319,1545,1877,413,726,78,2334,8696
2020-10-22,151,195,132,737,122,419,1266,1771,482,882,50,3028,9235
2020-10-23,152,178,152,777,134,421,1415,1880,909,924,93,2898,9933
2020-10-24,121,197,156,734,82,347,1286,1392,774,827,51,2630,8597
2020-10-25,168,238,103,920,93,410,1272,1945,845,1065,81,2996,10136
2020-10-26,142,137,208,769,109,644,2216,1540,663,852,108,2903,10291
2020-10-27,122,142,90,973,125,428,1673,1883,691,839,122,3179,10267
2020-10-28,83,181,94,918,253,313,1680,1351,379,570,94,2148,8064
2020-10-29,94,167,122,972,117,370,1894,1685,703,1071,150,2846,10191
2020-10-30,136,224,149,1527,114,408,1519,1707,892,1092,110,3173,11051
2020-10-31,155,230,131,1194,96,441,1607,1525,872,725,127,2662,9765
2020-11-01,131,141,132,938,79,431,1634,1337,572,626,119,2512,8652
2020-11-02,120,141,135,897,98,358,1784,1062,414,631,128,2482,8250
2020-11-03,87,237,127,740,76,311,1701,1153,390,515,87,2288,7712
2020-11-04,100,203,75,816,61,383,1575,1098,581,628,136,1950,7606
2020-11-05,86,127,90,739,86,445,1009,1318,469,516,158,1917,6960
2020-11-06,106,166,87,752,77,409,1235,1048,616,502,107,2101,7206
2020-11-07,108,154,76,720,84,332,1225,1176,466,449,90,1770,6650
2020-11-08,92,147,76,642,65,328,918,889,432,458,94,1510,5651
2020-11-09,73,114,73,451,78,271,757,947,225,311,82,1259,4641
2020-11-10,65,99,80,599,39,241,758,704,431,401,68,1182,4667
2020-11-11,84,157,92,498,61,307,972,896,303,413,80,1533,5396
2020-11-12,77,155,77,609,61,314,683,1007,485,499,131,1526,5624
2020-11-13,77,127,95,707,89,287,915,1138,503,515,116,1487,6056
2020-11-14,78,173,90,592,69,382,1209,890,357,427,80,1525,5872
2020-11-15,78,118,70,570,81,327,834,855,423,408,74,1579,5417
2020-11-16,103,101,119,410,95,251,980,832,213,358,106,1253,4821
2020-11-17,65,154,102,461,56,266,847,633,345,313,63,980,4285
2020-11-18,138,243,116,433,58,333,657,704,258,354,94,1196,4584
2020-11-19,20,116,128,702,69,274,1036,719,430,557,181,1390,5622
2020-11-20,106,166,89,717,125,242,1005,984,312,559,35,1540,5880
2020-11-21,153,189,103,675,122,353,1004,1084,427,368,78,1503,6059
2020-11-22,90,149,91,550,103,309,953,952,257,473,88,1342,5357
2020-11-23,105,208,122,543,128,311,881,756,485,349,89,1175,5152
2020-11-24,61,182,95,472,57,250,669,637,339,285,40,836,3923
2020-11-25,82,164,95,559,64,211,877,725,309,380,77,1363,4906
2020-11-26,89,177,77,503,98,294,632,660,294,462,84,1054,4424
2020-11-27,76,224,91,671,134,357,1074,954,315,477,101,1271,5745
2020-11-28,91,154,102,478,87,278,650,706,391,340,64,1102,4443
2020-11-29,53,113,111,749,98,337,947,878,456,427,74,1319,5562
2020-11-30,72,156,112,451,98,321,761,711,504,381,51,958,4576
2020-12-01,53,151,88,492,80,348,663,730,243,334,46,819,4047
2020-12-02,80,161,89,464,99,303,735,719,394,400,55,1393,4892
2020-12-03,82,186,110,719,148,357,906,940,296,434,84,1338,5600
2020-12-04,77,146,123,938,118,377,1027,820,379,673,95,1075,5848
2020-12-05,108,152,143,839,113,432,1225,1141,378,630,86,1254,6501
2020-12-06,78,299,135,849,143,533,1020,1107,474,588,78,1464,6768
2020-12-07,91,214,150,827,227,565,1136,964,637,497,92,1664,7064
2020-12-08,71,214,124,640,165,472,1053,885,526,570,61,1329,6110
2020-12-09,115,159,135,765,103,525,996,1169,488,647,81,1334,6517
2020-12-10,136,300,163,1149,195,649,1366,1204,667,782,129,1964,8704
2020-12-11,131,88,177,1345,218,727,1383,1381,427,785,211,1924,8797
2020-12-12,128,293,166,883,168,783,1447,1422,682,813,151,2139,9075
2020-12-13,258,311,178,1307,209,908,1631,1340,697,868,143,1971,9821
2020-12-14,189,334,263,1145,238,703,1319,1251,512,726,99,1668,8447
2020-12-15,103,264,115,598,153,679,1087,1089,599,822,68,1073,6650
2020-12-16,233,381,220,1524,286,771,1912,1671,827,1111,139,2045,11120
2020-12-17,291,391,259,1522,340,1233,1881,1863,1132,655,199,2936,12702
2020-12-18,256,334,212,1816,270,834,1794,1840,811,1167,226,2335,11895
2020-12-19,328,263,287,1443,234,1129,1803,1813,1398,1004,234,2252,12188
2020-12-20,290,394,322,1908,278,1026,2066,1855,1179,1099,118,2452,12987
2020-12-21,236,371,291,1457,371,973,1626,1697,878,930,215,2103,11148
2020-12-22,232,362,196,1330,193,927,1474,1615,793,784,164,1731,9801
2020-12-23,215,371,225,1403,241,1092,1408,1734,696,819,223,1959,10386
2020-12-24,235,327,268,1589,281,947,1561,1850,1020,805,212,2373,11468
2020-12-25,281,310,278,1525,278,833,1607,1613,1316,1045,218,2133,11437
2020-12-26,256,239,300,1384,288,649,1398,1555,857,746,129,2002,9803
2020-12-27,184,303,229,1389,298,1027,1337,1548,669,541,153,1374,9052
2020-12-28,189,268,168,1194,235,632,1068,1145,483,561,109,1370,7422
2020-12-29,208,213,203,942,130,639,1040,1072,951,520,93,1501,7512
2020-12-30,244,317,212,1393,202,577,1294,1488,928,670,139,1946,9410
2020-12-31,297,270,256,1285,204,703,1289,1617,1030,704,146,1846,9647
2021-01-01,235,164,259,1293,233,518,1144,1206,900,609,167,1423,8151
2021-01-02,215,292,286,1314,173,738,1054,1340,738,648,167,1611,8576
2021-01-03,269,230,289,828,304,658,1290,1141,675,424,147,1130,7385
2021-01-04,187,190,247,867,337,450,866,953,533,498,100,1344,6572
2021-01-05,190,120,204,750,173,508,1122,893,644,439,91,1212,6346
2021-01-06,165,200,172,933,156,631,952,1135,663,516,113,1463,7099
2021-01-07,244,208,239,1508,317,595,1347,1552,881,656,193,1857,9597
2021-01-08,224,213,324,974,313,621,1312,1140,932,520,203,1318,8094
2021-01-09,247,200,231,1112,179,669,1117,927,624,483,209,1334,7332
2021-01-10,200,141,208,905,147,617,970,1014,733,404,134,1130,6603
2021-01-11,174,144,194,725,184,699,774,779,444,330,118,863,5428
2021-01-12,130,144,158,639,189,539,614,875,374,239,90,900,4891
2021-01-13,185,141,170,821,166,510,823,768,599,559,132,1222,6096
2021-01-14,237,157,238,881,209,601,881,1068,517,370,144,1161,6464
2021-01-15,180,113,274,778,211,423,966,919,459,415,140,1140,6018
2021-01-16,122,101,191,690,157,555,918,794,440,395,128,783,5274
2021-01-17,157,132,226,683,204,663,728,973,461,354,121,936,5638
2021-01-18,135,119,265,587,199,520,717,695,404,282,84,728,4735
2021-01-19,103,108,201,594,136,424,655,719,394,223,88,606,4251
2021-01-20,137,100,196,714,286,440,803,855,461,345,104,1180,5621
2021-01-21,158,129,241,688,131,491,894,1006,462,372,150,1041,5763
2021-01-22,136,75,233,651,228,484,933,867,474,367,129,1158,5735
2021-01-23,107,99,169,686,162,528,847,980,423,389,161,866,5417
2021-01-24,113,111,243,550,166,461,804,795,411,310,74,834,4872
2021-01-25,123,73,158,465,121,371,661,565,352,199,126,835,4049
2021-01-26,76,63,174,455,81,340,620,829,269,225,78,720,3930
2021-01-27,109,108,172,493,157,326,894,753,378,282,111,899,4682
2021-01-28,111,108,157,517,136,420,829,866,270,305,102,840,4661
2021-01-29,97,108,185,521,101,376,809,714,309,266,108,776,4370
2021-01-30,116,89,181,442,158,393,751,644,334,273,99,714,4194
2021-01-31,123,81,151,316,102,366,667,669,277,191,89,674,3706
2021-02-01,103,70,139,390,94,349,546,507,161,173,78,557,3167
2021-02-02,94,87,164,376,76,291,533,632,214,254,55,794,3570
2021-02-03,124,83,175,485,118,363,740,699,272,239,94,619,4011
2021-02-04,149,91,186,375,129,382,716,774,226,322,76,760,4186
2021-02-05,86,61,174,466,100,374,718,750,278,315,80,935,4337
2021-02-06,141,73,206,430,131,359,792,651,206,271,64,746,4070
2021-02-07,108,84,243,414,143,325,644,690,234,306,62,694,3947
2021-02-08,107,72,149,149,53,222,336,388,133,152,50,409,2220
2021-02-09,21,27,91,195,54,145,365,387,51,73,18,331,1758
2021-02-10,81,39,120,264,139,250,552,506,293,265,82,579,3170
2021-02-11,81,66,224,451,146,340,630,873,193,338,96,971,4409
2021-02-12,170,98,202,383,166,312,692,826,219,331,75,846,4320
2021-02-13,183,75,189,380,185,298,552,779,251,295,83,900,4170
2021-02-14,106,72,151,280,149,274,565,722,190,258,63,613,3443
2021-02-15,128,68,172,281,76,201,441,559,155,199,77,450,2807
2021-02-16,108,43,118,227,112,206,415,595,128,176,37,554,2719
2021-02-17,62,54,111,273,122,233,513,818,137,225,69,727,3344
2021-02-18,168,62,185,464,141,267,754,770,300,327,98,960,4496
2021-02-19,163,71,218,381,149,293,802,1019,249,293,107,948,4693
2021-02-20,156,86,196,466,197,337,815,847,246,278,105,815,4544
2021-02-21,114,68,241,425,203,389,861,959,172,324,79,814,4649
2021-02-22,99,66,205,308,209,328,744,821,197,291,77,802,4147
2021-02-23,88,89,137,350,155,224,680,840,155,270,82,711,3781
2021-02-24,85,68,155,399,144,250,811,886,286,333,117,804,4338
2021-02-25,169,58,194,485,153,258,937,922,223,350,90,1140,4979
2021-02-26,142,108,258,323,197,311,861,1079,317,464,120,924,5104
2021-02-27,155,81,165,504,300,293,751,1027,240,334,84,997,4931
2021-02-28,113,73,170,392,162,276,700,1235,159,353,71,953,4657
2021-03-01,86,75,137,307,151,233,534,811,209,302,62,863,3770
2021-03-02,162,76,131,417,122,201,554,766,264,302,94,886,3975
2021-03-03,130,89,136,422,155,279,860,1258,219,274,115,1041,4978
2021-03-04,137,79,162,449,140,200,548,716,235,364,92,964,4086
2021-03-05,117,77,171,468,146,264,785,995,206,292,79,1040,4640
2021-03-06,126,118,179,450,151,345,908,1241,281,341,125,1080,5345
2021-03-07,101,81,140,407,112,218,755,1093,239,254,100,996,4496
2021-03-08,85,79,164,414,59,269,523,740,198,280,95,933,3839
2021-03-09,117,62,144,461,142,275,668,825,268,258,77,970,4267
2021-03-10,169,99,206,524,93,247,807,1079,315,461,149,1041,5190
2021-03-11,149,85,173,563,246,230,825,850,323,420,121,1284,5269
2021-03-12,127,97,157,598,157,359,967,1285,316,428,126,1342,5959
2021-03-13,167,90,224,690,127,380,943,1261,361,482,167,1405,6297
2021-03-14,122,110,320,566,167,319,1038,973,333,400,131,1473,5952
2021-03-15,178,74,208,508,97,358,834,1119,263,313,142,1368,5462
2021-03-16,162,74,192,548,123,255,841,952,241,236,97,1155,4876
2021-03-17,180,121,238,646,108,287,880,1084,247,438,153,1510,5892
2021-03-18,137,124,267,583,218,356,880,1041,438,500,146,1403,6093
2021-03-19,142,116,236,815,242,304,1080,1401,320,596,127,1950,7329
2021-03-20,208,92,240,832,172,628,1366,1384,384,476,198,1615,7595
2021-03-21,216,142,237,671,117,440,1142,1287,375,464,143,1720,6954
2021-03-22,187,150,175,623,85,451,960,1031,297,495,140,1648,6242
2021-03-23,189,114,214,639,132,363,862,944,237,438,123,1298,5553
2021-03-24,190,147,258,816,193,344,1307,1253,390,620,164,1864,7546
2021-03-25,200,151,298,820,192,524,1090,1283,420,560,230,1902,7670
2021-03-26,188,116,253,957,149,420,1082,1264,368,709,187,1824,7517
2021-03-27,204,176,270,959,250,510,1483,1595,460,491,182,2196,8776
2021-03-28,249,137,275,681,136,600,1260,1240,360,399,188,1894,7419
2021-03-29,194,136,216,651,130,527,1070,1191,311,477,214,1607,6724
2021-03-30,151,134,175,688,103,417,953,861,245,382,98,1604,5811
2021-03-31,159,111,203,806,149,525,1173,1266,427,556,172,2025,7572
2021-04-01,171,165,258,847,187,530,1222,1231,422,502,193,2074,7802
2021-04-02,167,126,272,758,130,553,1071,1104,306,537,196,1980,7200
2021-04-03,141,139,237,836,161,637,1371,1174,407,480,136,1889,7608
2021-04-04,148,134,194,785,109,638,1163,1065,335,435,145,1649,6800
2021-04-05,95,98,194,540,90,411,971,854,259,303,151,1365,5331
2021-04-06,103,135,202,671,137,425,886,832,249,479,106,1301,5526
2021-04-07,135,135,201,689,118,417,1111,978,271,401,172,1706,6334
2021-04-08,179,103,229,984,164,636,1208,989,387,612,166,2049,7706
2021-04-09,159,160,222,773,147,565,1252,1032,404,568,189,2112,7583
2021-04-10,133,152,221,925,183,711,1308,1105,394,453,144,1909,7638
2021-04-11,143,155,182,1005,116,759,1400,1244,425,489,122,2105,8145
2021-04-12,126,153,210,771,125,580,1285,1060,296,412,145,1518,6681
2021-04-13,138,116,202,749,123,562,1024,944,351,444,177,1838,6668
2021-04-14,143,153,142,381,62,468,1021,658,365,397,144,1429,5363
2021-04-15,110,180,281,1269,262,593,1477,1223,483,614,150,2040,8682
2021-04-16,160,144,176,772,138,632,1693,1320,543,702,156,2426,8862
2021-04-17,120,159,234,1204,144,721,1201,1160,369,617,222,2065,8216
2021-04-18,113,139,260,932,189,681,1497,1253,384,574,179,2251,8452
2021-04-19,114,200,196,750,140,550,1246,1008,391,544,170,1815,7124
2021-04-20,94,161,162,654,162,561,1167,1006,335,522,147,1866,6837
2021-04-21,137,135,222,1003,135,628,1681,1083,447,664,199,2093,8427
2021-04-22,149,214,249,1237,262,674,1526,1335,558,685,212,2428,9529
2021-04-23,163,132,224,1014,222,826,1623,1282,528,745,237,2183,9179
2021-04-24,113,142,193,1052,178,695,1424,1093,422,567,167,1972,8018
2021-04-25,111,157,223,855,129,783,1644,969,490,509,188,1943,8001
2021-04-26,99,128,178,771,128,559,1056,886,412,397,122,1457,6193
2021-04-27,127,103,180,516,140,564,1038,824,260,373,120,1079,5324
2021-04-28,126,175,191,1176,168,611,1700,1003,515,512,211,2231,8619
2021-04-29,126,107,164,749,204,680,1366,899,485,493,180,1765,7218
2021-04-30,123,146,150,1029,138,720,1422,927,470,586,211,1812,7734
2021-05-01,112,104,171,577,90,600,1190,754,359,408,132,1221,5718
2021-05-02,81,48,30,790,125,236,865,886,291,446,68,1567,5433
2021-05-03,194,222,295,1159,157,795,1557,1385,589,601,148,2075,9177
2021-05-04,152,142,221,807,168,718,1402,1045,392,478,137,2046,7708
2021-05-05,113,132,145,801,112,618,1323,989,574,485,236,1746,7274
2021-05-06,154,113,163,726,158,607,1304,1081,404,480,169,1398,6757
2021-05-07,102,164,156,965,153,561,1311,1074,466,519,198,1781,7450
2021-05-08,128,128,185,889,132,556,1397,1106,496,518,159,1670,7364
2021-05-09,146,110,175,732,101,571,1360,836,312,482,150,1601,6576
2021-05-10,92,157,132,695,87,489,1009,911,490,406,170,1207,5845
2021-05-11,74,82,152,738,147,381,1001,774,452,425,110,1168,5504
2021-05-12,88,133,162,749,137,522,1170,837,408,412,160,1550,6328
2021-05-13,140,142,167,628,132,526,1005,681,458,513,140,1468,6000
2021-05-14,67,104,137,535,119,444,1099,758,444,397,121,1275,5500
2021-05-15,66,103,168,510,88,398,862,601,280,277,113,962,4428
2021-05-16,126,85,130,512,82,402,823,516,323,333,131,986,4449
2021-05-17,86,76,119,319,60,259,401,332,189,168,81,772,2862
2021-05-18,70,59,128,700,148,329,1124,681,396,365,114,1181,5295
2021-05-19,96,78,114,451,107,300,730,558,456,314,99,1218,4521
2021-05-20,85,84,125,559,96,347,909,573,327,334,129,1060,4628
2021-05-21,83,87,122,473,81,346,741,547,290,247,85,1051,4153
2021-05-22,66,63,97,282,89,303,483,426,239,214,56,833,3151
2021-05-23,54,81,96,395,71,294,629,364,306,240,69,819,3418
2021-05-24,47,63,108,258,54,214,445,348,227,174,85,669,2692
2021-05-25,44,45,55,335,139,184,399,340,158,165,33,594,2491
2021-05-26,53,44,86,361,63,206,591,359,184,190,31,578,2746
2021-05-27,69,61,109,315,68,255,504,451,308,290,52,846,3328
2021-05-28,100,62,87,512,120,228,683,474,275,299,50,956,3846
2021-05-29,85,40,106,393,71,337,627,497,200,220,76,722,3374
2021-05-30,61,45,72,334,51,179,535,314,180,175,62,702,2710
2021-05-31,53,42,71,267,55,175,383,253,139,96,40,477,2051
2021-06-01,70,44,63,335,62,188,218,274,216,193,31,635,2329
2021-06-02,85,47,85,291,66,186,454,334,151,129,13,659,2500
2021-06-03,62,58,53,368,73,186,448,340,220,252,21,645,2726
2021-06-04,70,39,55,252,60,158,378,328,197,178,33,637,2385
2021-06-05,39,31,30,271,39,145,422,259,168,140,22,551,2117
2021-06-06,18,32,39,203,32,114,234,213,132,111,27,389,1544
2021-06-07,32,28,48,181,43,76,269,195,102,84,28,336,1422
2021-06-08,36,32,33,205,32,85,238,229,91,116,14,306,1417
2021-06-09,38,31,20,256,26,125,264,193,111,161,37,458,1720
2021-06-10,34,21,35,196,34,119,268,195,106,135,23,402,1568
2021-06-11,34,36,27,169,18,111,213,158,69,99,29,416,1379
2021-06-12,28,28,24,142,25,56,187,203,72,103,21,313,1202
2021-06-13,22,23,16,146,15,85,171,156,58,76,20,255,1043
2021-06-14,20,17,12,112,19,64,120,117,69,67,14,214,845
2021-06-15,16,29,22,136,12,59,121,181,76,91,15,269,1027
2021-06-16,11,12,14,146,15,67,148,190,38,77,22,279,1019
2021-06-17,10,18,21,133,19,56,138,177,85,114,31,258,1060
2021-06-18,15,10,21,87,11,25,126,170,60,52,20,293,890
2021-06-19,8,10,13,64,17,40,88,139,43,75,16,177,690
2021-06-20,7,12,11,80,17,27,127,128,32,60,18,179,698
2021-06-21,8,8,13,53,11,37,68,106,32,52,29,141,558
2021-06-22,8,14,13,83,13,24,115,126,42,50,18,193,699
2021-06-23,19,16,9,62,10,25,101,105,16,58,34,193,648
2021-06-24,5,7,8,65,10,27,95,133,48,59,27,211,695
2021-06-25,7,6,12,65,12,31,82,106,29,57,22,209,638
2021-06-26,6,2,5,43,13,22,95,107,45,46,12,155,551
2021-06-27,4,8,11,61,6,21,63,98,28,39,21,141,501
2021-06-28,5,9,4,65,12,29,58,106,22,34,9,199,552
2021-06-29,5,4,11,67,21,24,77,97,28,44,13,145,536
2021-06-30,5,8,15,42,26,29,103,111,33,39,34,178,623
2021-07-01,7,7,10,84,34,29,108,171,43,68,22,237,820
2021-07-02,3,8,15,90,36,29,120,236,87,55,31,233,943
2021-07-03,9,14,16,130,54,23,196,233,105,76,20,243,1119
2021-07-04,12,19,19,99,65,48,176,319,102,71,14,258,1202
2021-07-05,9,11,23,104,79,44,242,435,70,150,15,337,1519
2021-07-06,15,15,27,177,120,49,337,602,109,131,21,579,2182
2021-07-07,41,26,48,280,238,92,360,896,132,389,32,1086,3620
2021-07-08,64,69,81,410,415,109,703,1422,193,608,39,1281,5394
2021-07-09,80,78,134,688,479,167,553,1598,443,1078,61,1524,6883
2021-07-10,110,79,205,680,537,242,1478,2119,615,1522,68,2559,10214
2021-07-11,143,129,178,685,654,276,1071,2502,608,951,58,2026,9281
2021-07-12,138,104,316,726,522,324,939,2323,462,856,54,1640,8404
2021-07-13,131,183,221,699,474,281,909,2136,417,678,86,1608,7823
2021-07-14,148,107,157,1022,623,313,1228,2636,511,1037,103,2428,10313
2021-07-15,112,149,256,1276,568,395,1569,2794,598,858,120,2233,10928
2021-07-16,210,202,227,1445,164,474,1683,2707,654,857,168,2384,11175
2021-07-17,146,152,287,1151,415,548,1993,2368,560,1024,117,2192,10953
2021-07-18,128,203,227,1320,426,513,1306,2338,476,694,103,2357,10091
2021-07-19,167,87,261,889,462,343,1142,1753,778,615,87,2262,8846
2021-07-20,85,137,172,604,121,461,1173,1507,349,453,86,1541,6689
2021-07-21,88,124,138,686,236,431,945,1470,421,526,109,1674,6848
2021-07-22,88,142,154,637,146,381,1159,1332,371,459,101,1229,6199
2021-07-23,71,129,125,770,215,352,1204,1324,335,414,83,1328,6350
2021-07-24,70,101,137,604,141,420,860,1007,218,407,61,1174,5200
2021-07-25,79,125,130,560,117,385,802,799,282,304,60,898,4541
2021-07-26,61,103,115,354,118,261,596,820,232,201,60,861,3782
2021-07-27,46,83,118,404,114,244,601,741,231,254,64,1028,3928
2021-07-28,61,89,108,370,46,286,504,639,233,307,54,692,3389
2021-07-29,58,68,100,366,158,265,725,866,280,286,59,1173,4404
2021-07-30,49,145,93,438,102,285,523,566,161,212,40,738,3352
2021-07-31,51,108,98,265,71,206,422,509,164,184,59,768,2905
2021-08-01,57,54,70,210,28,153,327,464,195,114,50,542,2264
2021-08-02,27,113,91,256,90,131,298,339,138,141,39,396,2059
2021-08-03,41,52,64,212,63,173,333,464,132,106,16,506,2162
2021-08-04,40,73,93,340,80,173,401,521,128,179,57,662,2747
2021-08-05,41,66,75,232,85,193,486,667,216,197,67,988,3313
2021-08-06,43,114,80,292,70,241,395,551,203,165,91,627,2872
2021-08-07,30,102,71,235,57,197,315,433,157,152,47,571,2367
2021-08-08,37,76,73,223,53,138,240,483,167,214,56,520,2280
2021-08-09,16,69,73,209,43,178,252,440,156,104,43,428,2011
2021-08-10,31,70,78,228,57,123,271,418,144,145,48,535,2148
2021-08-11,38,80,66,216,38,183,206,471,113,138,61,482,2092
2021-08-12,56,90,92,297,117,114,335,468,150,155,55,607,2536
2021-08-13,59,72,99,269,68,141,350,506,177,220,49,642,2652
2021-08-14,59,91,65,244,57,170,236,472,159,163,25,542,2283
2021-08-15,42,99,61,244,52,141,259,460,150,213,29,489,2239
2021-08-16,47,96,69,176,64,114,284,466,170,154,53,507,2200
2021-08-17,34,90,80,270,79,119,323,486,163,134,36,479,2293
2021-08-18,68,111,90,239,72,169,345,541,226,186,54,642,2743
2021-08-19,46,126,85,265,68,142,262,453,175,167,46,634,2469
2021-08-20,41,107,83,229,79,107,233,468,146,171,37,494,2195
2021-08-21,66,104,100,249,68,129,226,519,158,164,28,572,2383
2021-08-22,46,106,104,232,63,123,279,532,168,172,54,545,2424
2021-08-23,32,107,105,225,53,126,265,474,207,148,46,572,2360
2021-08-24,36,82,81,308,82,99,226,549,216,166,49,530,2424
2021-08-25,74,87,147,289,78,135,284,576,187,243,45,668,2813
2021-08-26,57,97,113,241,69,106,307,501,195,188,41,655,2570
2021-08-27,52,109,100,259,101,93,285,654,179,213,26,703,2774
2021-08-28,69,88,110,250,51,151,243,389,144,194,22,717,2428
2021-08-29,56,83,118,112,67,141,229,433,204,212,18,587,2260
2021-08-30,55,66,95,291,67,79,219,383,125,156,40,567,2143
2021-08-31,51,75,79,269,56,91,243,493,168,176,33,554,2288
2021-09-01,71,87,112,331,84,163,220,530,208,222,42,747,2817
2021-09-02,71,86,139,286,70,130,257,538,224,214,31,710,2756
2021-09-03,98,66,138,257,73,131,258,455,203,149,28,662,2518
2021-09-04,86,87,144,274,82,150,312,447,210,193,22,659,2666
2021-09-05,47,68,157,224,54,116,236,460,143,197,29,588,2319
2021-09-06,45,72,148,201,57,136,209,384,143,167,26,515,2103
2021-09-07,46,80,121,291,58,117,264,511,145,184,51,573,2441
2021-09-08,83,96,138,264,91,120,256,535,198,184,47,754,2766
2021-09-09,54,64,137,237,31,131,194,500,179,201,36,570,2334
2021-09-10,55,79,137,284,95,135,290,437,150,153,36,800,2651
2021-09-11,44,76,122,195,53,151,151,394,154,189,25,641,2195
2021-09-12,48,77,133,187,44,117,221,401,119,209,33,472,2061
2021-09-13,35,71,129,139,42,88,209,310,98,119,29,462,1731
2021-09-14,48,52,90,224,38,106,213,330,110,190,32,546,1979
2021-09-15,44,59,122,212,68,94,214,415,158,155,39,734,2314
2021-09-16,42,45,139,205,54,120,209,363,101,163,37,617,2095
2021-09-17,53,66,107,198,37,125,187,318,91,240,22,676,2120
2021-09-18,33,59,114,190,73,146,212,272,103,168,22,604,1996
2021-09-19,31,42,98,150,38,140,169,222,100,140,31,506,1667
2021-09-20,21,49,83,129,26,132,142,171,63,171,36,300,1323
2021-09-21,23,56,57,211,50,109,169,216,66,124,38,518,1637
2021-09-22,36,43,66,192,39,153,196,207,108,196,56,563,1855
2021-09-23,50,55,72,223,39,151,197,216,106,223,41,423,1796
2021-09-24,25,40,82,177,31,133,144,239,103,200,37,456,1667
2021-09-25,27,47,95,220,50,124,147,197,90,124,16,447,1584
2021-09-26,21,34,80,137,36,142,195,170,113,159,43,433,1563
2021-09-27,22,28,56,208,32,131,132,191,86,144,24,332,1386
2021-09-28,42,38,75,213,44,104,170,233,93,172,47,458,1689
2021-09-29,30,49,69,216,31,176,185,237,93,151,36,479,1752
2021-09-30,28,48,72,206,38,139,201,204,149,176,29,370,1660
2021-10-01,37,46,78,231,46,168,140,189,129,124,33,489,1710
2021-10-02,24,49,76,215,52,135,192,211,103,160,28,402,1647
2021-10-03,26,62,66,229,32,148,190,213,102,98,28,408,1602
2021-10-04,29,40,80,227,30,126,171,206,109,201,40,347,1606
2021-10-05,22,41,63,303,39,136,194,239,119,228,11,482,1877
2021-10-06,42,65,64,233,42,163,196,195,154,225,53,447,1879
2021-10-07,41,53,72,463,105,185,309,377,214,231,41,629,2720
2021-10-08,72,60,70,428,35,239,304,350,180,304,51,646,2739
2021-10-09,52,75,82,291,56,167,344,312,185,206,34,688,2492
2021-10-10,69,46,115,239,66,202,257,300,181,180,56,542,2253
2021-10-11,60,76,124,388,69,211,272,316,227,251,51,653,2698
2021-10-12,56,49,106,445,48,195,312,351,204,219,63,802,2850
2021-10-13,101,105,120,455,126,312,402,460,290,344,74,898,3687
2021-10-14,87,80,161,519,93,274,408,393,275,320,68,923,3601
2021-10-15,78,102,142,588,89,297,319,454,281,325,98,907,3680
2021-10-16,68,77,169,516,96,360,416,406,320,334,74,840,3676
2021-10-17,104,83,175,408,80,421,449,442,323,317,85,774,3661
2021-10-18,86,99,139,439,69,343,392,406,297,278,92,683,3323
2021-10-19,72,93,119,599,47,443,489,431,295,279,99,913,3879
2021-10-20,89,123,156,626,108,401,575,626,390,324,148,977,4543
2021-10-21,100,131,214,697,100,377,797,634,413,396,127,1156,5142
2021-10-22,80,116,201,1048,78,567,582,741,520,483,154,1252,5822
2021-10-23,118,152,159,745,73,490,818,820,427,513,106,1219,5640
2021-10-24,96,151,228,981,117,647,815,796,414,445,216,1341,6247
2021-10-25,142,114,236,671,61,565,609,732,426,453,110,1144,5263
2021-10-26,93,133,227,753,117,511,844,761,456,543,110,1188,5736
2021-10-27,153,175,250,929,179,604,885,1022,560,564,171,1728,7220
2021-10-28,161,173,298,1147,154,668,1000,772,636,608,167,1842,7626
2021-10-29,136,148,300,1205,127,750,896,944,470,482,184,1685,7327
2021-10-30,217,195,244,1173,169,616,1083,1048,616,793,176,1536,7866
2021-10-31,166,170,260,1178,163,818,1248,1021,614,565,179,1765,8147
2021-11-01,194,263,289,1082,103,1170,1101,855,403,517,229,1455,7661
2021-11-02,146,219,241,1110,140,835,1253,1092,552,457,254,1373,7672
2021-11-03,183,226,285,1203,145,994,1263,1136,663,678,319,1995,9090
2021-11-04,177,256,324,1471,231,909,1520,1360,635,897,314,2000,10094
2021-11-05,222,344,491,1246,232,915,1431,1601,645,796,282,2618,10823
2021-11-06,194,354,582,1768,157,1207,1662,1634,795,822,232,2489,11896
2021-11-07,241,310,481,1438,212,1020,1486,1551,716,1199,291,2321,11266
2021-11-08,261,281,480,1685,226,1140,1619,1664,780,812,258,2543,11749
2021-11-09,249,314,411,1357,221,1466,1663,1493,602,776,243,2420,11215
2021-11-10,249,336,448,1633,228,1264,1606,1737,870,1046,363,2767,12547
2021-11-11,295,409,663,2472,416,1227,1978,2629,1066,1111,337,3625,16228
2021-11-12,294,402,656,2226,292,1352,2407,2378,1067,1241,431,3367,16113
2021-11-13,323,425,646,1694,230,1191,1308,1794,1074,1774,452,2832,13743
2021-11-14,311,62,292,1767,241,854,2166,2053,840,1282,142,1911,11921
2021-11-15,408,599,610,2223,335,1736,2882,3425,1379,1352,610,3495,19054
2021-11-16,423,582,729,2826,445,1930,2868,2671,1210,1584,513,4245,20026
2021-11-17,376,490,674,1993,305,1903,3051,2998,1190,1592,551,5486,20609
2021-11-18,473,487,820,3595,502,2255,3423,3364,1377,1943,703,4430,23372
2021-11-19,433,487,683,2672,450,2064,3669,3145,1305,1374,767,3809,20858
2021-11-20,299,512,987,2663,389,2341,3708,3249,1251,1533,430,4271,21633
2021-11-21,466,590,935,2555,330,1618,2411,3471,1527,2009,610,4015,20537
2021-11-22,458,648,938,2629,532,1984,3446,3645,1498,1956,673,4421,22828
2021-11-23,426,497,967,3148,492,1997,3743,3504,1547,1706,592,4212,22831
2021-11-24,437,531,920,2800,525,2162,4129,3273,1379,2236,816,4312,23520
2021-11-25,481,452,825,2181,445,2461,3243,3621,1530,1511,711,4542,22003
2021-11-26,349,494,878,2427,556,2446,3180,3313,1538,1494,535,3874,21084
2021-11-27,371,456,923,2434,309,1905,3430,3440,1678,1854,651,4355,21806
2021-11-28,518,496,590,3004,542,2227,3133,3249,1548,1844,660,4112,21923
2021-11-29,394,528,1103,2278,346,2055,3314,2861,1466,1471,788,4672,21276
2021-11-30,539,517,958,2690,461,2364,3657,2869,1217,2129,547,4046,21994
2021-12-01,337,404,591,2043,405,1533,3820,2482,1174,1198,509,3894,18390
2021-12-02,565,551,856,2451,574,2227,3174,3587,1458,1384,793,5184,22804
2021-12-03,492,518,872,2558,351,1946,3227,3677,1208,1781,541,4206,21377
2021-12-04,520,509,770,2325,597,2204,3766,3080,1360,2340,590,4399,22460
2021-12-05,436,586,778,2804,372,2021,3704,3580,1268,2057,516,4707,22829
2021-12-06,485,543,923,2643,528,1820,3312,3244,1151,1630,651,3849,20779
2021-12-07,446,420,829,1823,442,1697,3165,2734,1031,1308,502,3356,17753
2021-12-08,348,499,667,2013,465,1782,3029,2939,939,1230,516,3486,17913
2021-12-09,362,458,657,2301,462,1583,3436,2888,1243,1372,636,4199,19597
2021-12-10,440,408,861,2108,417,1507,2327,2556,1055,1579,447,3647,17352
2021-12-11,352,459,676,1966,391,1420,2951,2724,1096,1622,350,3571,17578
2021-12-12,296,419,682,1907,293,1465,2310,2677,978,1329,500,3591,16447
2021-12-13,294,310,649,1441,381,1183,1870,2199,793,1260,478,2864,13722
2021-12-14,309,307,492,1531,282,1006,2281,1742,824,962,381,2529,12646
2021-12-15,408,406,624,1359,356,952,1620,2197,868,1189,357,3021,13357
2021-12-16,321,440,513,1902,417,965,2684,2669,1004,1156,459,3624,16154
2021-12-17,416,375,701,1422,451,1232,2032,2692,1098,1372,372,3066,15229
2021-12-18,374,367,607,1681,346,1049,2091,2322,839,1146,302,3355,14479
2021-12-19,333,364,609,1532,391,919,1835,2200,881,1262,327,2545,13198
2021-12-20,276,327,601,1310,333,670,1740,2147,660,1034,299,2682,12079
2021-12-21,290,285,481,1129,214,664,1393,1673,534,462,258,1852,9235
2021-12-22,369,352,575,1210,449,790,1855,2392,543,1319,342,3033,13229
2021-12-23,257,371,518,1523,413,766,2057,2484,749,880,355,2835,13208
2021-12-24,306,340,496,1217,420,774,1636,2334,632,1005,290,2864,12314
2021-12-25,236,362,449,1556,233,743,1817,2116,825,1215,233,2635,12420
2021-12-26,259,245,397,1183,317,669,1583,2500,662,838,305,2824,11782
2021-12-27,276,356,384,884,277,683,1718,2368,593,1173,253,2342,11307
2021-12-28,303,256,342,836,257,575,1070,1742,619,977,192,1853,9022
2021-12-29,251,403,451,1895,601,789,2323,3005,850,1016,388,3636,15608
2021-12-30,350,405,549,1205,359,818,2241,2992,899,851,300,3612,14581
2021-12-31,467,391,481,1592,560,1004,2064,3451,960,1700,378,3512,16560
2022-01-01,269,443,560,1822,428,654,2509,2936,996,1655,312,2820,15404
2022-01-02,412,491,396,1774,468,800,2435,3740,919,1233,359,4217,17244
2022-01-03,399,476,461,1474,432,1012,1833,2819,901,1020,258,3315,14400
2022-01-04,458,433,563,2107,573,849,3231,4019,1014,1365,308,3519,18439
2022-01-05,637,520,537,2427,688,1171,3444,4885,1528,2461,455,5451,24204
2022-01-06,556,453,560,2661,698,1066,4176,5109,1653,2074,606,4770,24382
2022-01-07,605,860,1572,3432,1401,1635,4886,7657,1715,2871,561,7290,34485
2022-01-08,776,495,630,2414,574,1029,3504,6554,1835,2358,360,7108,27637
2022-01-09,458,763,960,2791,1009,977,4030,7113,2147,2457,504,8883,32092
2022-01-10,569,758,794,2854,855,957,4291,6102,1667,2288,518,5945,27598
2022-01-11,590,496,783,2958,763,1101,4568,6939,1707,2470,579,5830,28784
2022-01-12,627,840,681,3334,871,1493,4741,6019,1646,2652,780,8047,31731
2022-01-13,396,627,708,3042,1216,1437,3940,8110,1509,2869,571,8542,32967
2022-01-14,750,1003,1006,3427,671,1315,5678,7122,1769,3251,652,8344,34988
2022-01-15,580,1029,820,2434,864,1321,67,6730,3122,2006,534,7655,27162
2022-01-16,675,687,715,3402,858,1232,66,7660,2153,3849,554,9299,31150
2022-01-17,575,712,990,3374,1439,1695,67,8832,1992,4728,760,8813,33977
2022-01-18,959,1315,1135,4443,999,2045,2586,3489,2818,3433,775,9224,33221
2022-01-19,1160,1755,1587,6352,889,2028,2586,3489,2785,2924,1159,11222,37936
2022-01-20,949,1273,1572,6310,2055,2220,2586,3489,4711,6015,1688,8391,41259
2022-01-21,1080,1605,2322,8213,1933,3428,11018,13611,3724,7516,1506,12471,68427
2022-01-22,1614,2307,2178,6293,1518,2771,5469,9023,3129,2730,1513,19424,57969
2022-01-23,1805,1559,1674,10157,2029,3502,6894,17972,7593,4136,1417,17482,76220
2022-01-24,1754,2946,1557,7882,1496,5938,8316,14406,5407,9095,1705,15492,75994
2022-01-25,1610,1924,1989,7738,2703,3603,9310,12321,3835,2306,1880,16152,65371
2022-01-26,962,1351,2038,8176,1534,2408,9299,13937,4940,5631,1921,17867,70064
2022-01-27,1249,2443,2300,9300,1413,3875,15225,11602,4036,4317,1775,18414,75949
2022-01-28,2044,1835,2657,8628,2067,5602,12211,15352,6048,6782,1590,20225,85041
2022-01-29,871,1119,2876,7294,1248,3208,8309,8898,2743,4391,1831,8766,51554
2022-01-30,1145,2016,2597,9722,1830,5301,8529,14484,2574,16133,1248,20876,86455
2022-01-31,2379,4348,1681,11277,5884,6873,21701,19425,4041,9822,2238,32670,122339
2022-02-01,2693,3133,2946,10238,3563,4736,20890,17618,19504,11503,1476,17414,115714
2022-02-02,1054,4168,3061,8679,2119,4297,9874,12776,5704,3868,1808,20835,78243
2022-02-03,2013,1078,3225,10028,2530,6800,16775,14352,6300,6875,2877,20998,93851
2022-02-04,1796,1099,1407,13378,2146,4451,13769,9178,6044,9979,1733,14730,79710
2022-02-05,738,1072,1336,7602,506,3043,10899,9753,3027,1978,1184,10261,51399
2022-02-06,4272,1231,2233,14807,3450,5872,9467,17405,4232,10596,2479,29720,105764
2022-02-07,711,3656,2737,10707,2266,4710,15620,14227,7299,7180,2342,17402,88857
2022-02-08,2614,2462,4505,13584,2751,5373,14002,14272,7484,8510,1978,19709,97244
2022-02-09,2247,1781,3828,11337,2439,4833,11482,12545,6549,7950,1797,17785,84573
2022-02-10,2560,1683,3904,12049,3598,4788,11685,12438,7183,7268,1653,15888,84697
2022-02-11,2793,1658,3937,11531,2865,3840,10483,11141,6867,6811,1366,15466,78758
2022-02-12,2456,1532,3764,10282,2731,3530,8714,9443,6258,6745,1267,11955,68677
2022-02-13,2528,1161,3301,8497,3197,2623,6576,7732,5614,4851,920,11796,58796
2022-02-14,1994,1020,3058,8531,2593,3107,6933,7457,4166,4750,1035,9127,53771
2022-02-15,1570,1205,2859,6523,2116,3067,6758,7210,4594,5818,1244,9376,52340
2022-02-16,2403,1223,3505,9588,2637,2938,7480,9271,4727,6136,1194,11107,62209
2022-02-17,1754,947,3089,8331,2397,2960,7101,7881,4103,5001,1062,10364,54990
2022-02-18,1636,776,2276,6975,2483,3013,6430,6496,3840,4255,841,8878,47899
2022-02-19,1481,592,2121,4831,1391,2278,4533,3860,2807,2974,525,5140,32533
2022-02-20,912,1036,1900,5049,1539,1633,4800,5607,2686,2960,719,6633,35474
2022-02-21,1590,744,1981,5946,1506,1821,4232,4560,2875,3460,639,5777,35131
2022-02-22,936,755,1728,5471,1411,2218,4287,4525,2372,2754,750,6598,33805
2022-02-23,1322,857,2190,5401,1749,2320,4623,5428,3318,4164,1023,7343,39738
2022-02-24,1435,914,1921,6063,2316,2366,4990,5933,2860,3496,803,6983,40080
2022-02-25,1531,738,2300,5608,1671,2150,4609,5184,3295,3130,549,5887,36652
2022-02-26,1287,596,1799,4124,1853,1651,3599,4408,2797,3144,760,6190,32208
2022-02-27,1091,639,1512,3708,1403,1557,3011,4060,2525,2488,461,4263,26718
2022-02-28,1291,600,1831,3445,1400,1079,2868,5467,3000,2346,554,4231,28112
2022-03-01,1264,734,2140,4606,1416,1753,4907,6170,2618,3555,663,5860,35686
2022-03-02,1851,752,2224,5993,2446,2769,7186,7038,4340,4306,1101,7368,47374
2022-03-03,1780,773,2626,7535,2250,4007,11133,7259,4878,4648,1250,8738,56877
2022-03-04,2122,1034,2164,8406,2760,6463,16578,7825,4418,5069,1424,8138,66401
2022-03-05,1801,779,2136,8734,3049,7125,16638,6613,4439,4154,1437,8329,65234
2022-03-06,1561,901,1904,8968,1882,9091,17154,6236,3678,4375,1158,7703,64611
2022-03-07,1031,906,1903,9016,1725,8913,16054,6170,3720,3619,1339,7888,62284
2022-03-08,2083,1026,2502,8964,1778,6836,13282,6962,3786,5839,1627,9456,64141
2022-03-09,2329,1083,2633,9514,2568,8688,12468,9482,5147,5367,1634,11511,72424
2022-03-10,2640,890,2904,9537,2825,7330,14862,8429,5424,5610,1334,10746,72531
2022-03-11,2149,1099,2414,8084,2547,6237,13971,9293,5460,4598,1395,10324,67571
2022-03-12,1787,1176,2009,8986,2061,5586,9257,8310,4298,4495,1133,9297,58395
2022-03-13,1718,1250,1923,8305,2214,3887,6357,7841,4122,3608,1176,8718,51119
2022-03-14,1810,903,1824,6503,1660,3413,6428,6493,4119,3094,971,7390,44608
2022-03-15,2075,959,2447,6458,1807,3940,6770,7455,4116,4841,1236,9568,51672
2022-03-16,2150,1105,2300,8191,2630,3728,6949,9219,5734,4851,1309,10785,58951
2022-03-17,2274,1308,2416,8001,2507,3155,6106,7545,4095,4340,1033,9816,52596
2022-03-18,1948,1188,2059,8270,2614,3900,5766,8002,4135,3795,1093,10578,53348
2022-03-19,1929,909,1664,6131,2344,2368,4248,5904,3989,3322,725,7150,40683
2022-03-20,1443,888,1524,4861,1658,1912,3848,4939,2877,3035,815,6211,34011
2022-03-21,1442,713,1292,4071,1280,1913,3462,4998,2628,2611,687,6062,31159
2022-03-22,1640,792,1686,5452,1413,2345,4211,5723,3271,3553,1004,8612,39702
2022-03-23,1531,1041,1667,6767,1907,2031,4128,6496,3607,3486,936,8297,41894
2022-03-24,1663,752,1503,5355,2118,2008,3977,5653,3663,3279,771,7656,38398
2022-03-25,1460,852,1279,4620,1522,1662,3347,5415,3170,3014,822,7061,34224
2022-03-26,1060,754,1123,3955,1201,1346,2744,4276,2201,2516,694,5584,27454
2022-03-27,901,541,871,3759,949,1251,2545,3604,2146,2024,506,5269,24366
2022-03-28,800,458,875,3170,884,1111,2177,2982,1865,1699,457,4591,21069
2022-03-29,1088,708,1162,3971,1280,1356,3084,4439,2498,2662,732,6872,29852
2022-03-30,1125,559,1000,3762,1154,1144,2873,4034,2281,2398,655,6233,27218
2022-03-31,895,488,846,3566,895,1224,2559,3917,2121,2220,573,5517,24821
2022-04-01,793,424,730,2968,974,993,2255,3230,1839,1873,480,4642,21201
2022-04-02,638,375,640,2336,714,780,1732,2434,1302,1513,410,3707,16581
2022-04-03,407,264,497,1697,510,564,1182,1979,998,1110,268,2638,12114
2022-04-04,373,255,400,1477,564,477,1007,1632,854,912,218,2348,10517
2022-04-05,549,329,446,1943,558,607,1461,1964,1139,1253,352,3116,13717
2022-04-06,432,264,436,1737,607,531,1119,2101,1069,1263,296,2916,12771
2022-04-07,374,285,435,1694,566,562,1349,1824,1016,1101,301,3025,12532
2022-04-08,368,239,373,1458,440,483,986,1900,930,917,239,2290,10623
2022-04-09,325,207,297,1441,407,466,855,1619,697,943,217,2146,9620
2022-04-10,201,191,231,1010,258,321,665,1267,509,640,151,1560,7004
2022-04-11,185,141,191,809,230,272,680,1266,491,569,154,1414,6402
2022-04-12,193,156,205,776,230,268,522,1103,460,645,165,1453,6176
2022-04-13,159,107,164,606,193,209,471,815,357,489,136,1107,4813
2022-04-14,136,99,131,581,163,177,354,842,320,476,110,1188,4577
2022-04-15,125,83,136,516,172,180,389,755,336,372,99,862,4025
2022-04-16,87,70,124,470,110,172,282,691,256,399,45,819,3525
2022-04-17,81,74,87,317,112,114,260,577,205,261,59,598,2745
2022-04-18,62,29,83,219,68,90,194,435,123,187,65,461,2016
2022-04-19,69,75,76,318,89,115,202,454,165,228,51,588,2430
2022-04-20,134,71,91,421,121,113,286,729,275,313,100,794,3448
2022-04-21,87,75,78,342,92,134,284,647,168,251,83,670,2911
2022-04-22,81,68,76,296,71,132,234,508,203,240,46,592,2547
2022-04-23,64,47,60,237,64,95,155,410,154,173,51,500,2010
2022-04-24,48,39,60,193,62,84,173,286,84,113,21,363,1526
2022-04-25,37,42,54,131,30,67,163,288,84,101,26,315,1338
2022-04-26,50,37,52,200,65,78,166,369,157,135,55,457,1821
2022-04-27,52,41,47,172,66,68,149,414,108,162,28,400,1707
2022-04-28,21,21,42,121,27,83,125,219,91,87,26,339,1202
2022-04-29,52,48,50,149,48,77,129,342,130,178,15,396,1614
2022-04-30,41,149,40,144,61,46,135,319,92,120,38,329,1514
2022-05-01,33,28,40,162,36,61,104,303,66,120,7,281,1241
2022-05-02,28,34,42,147,36,49,117,247,94,163,41,258,1256
2022-05-03,41,49,37,173,60,61,151,350,103,241,43,393,1702
2022-05-04,53,47,53,183,53,59,144,354,98,172,38,378,1632
2022-05-05,45,41,33,177,61,53,141,448,96,155,26,358,1634
2022-05-06,27,34,25,107,46,58,123,307,65,126,23,306,1247
2022-05-07,46,37,31,172,45,47,128,337,80,149,34,353,1459
2022-05-08,28,33,40,121,46,52,84,293,83,114,25,261,1180
2022-05-09,14,19,24,124,35,42,84,226,69,96,7,259,999
2022-05-10,26,42,36,184,37,63,133,349,102,151,39,394,1556
2022-05-11,20,36,43,150,68,49,105,313,72,115,39,352,1362
2022-05-12,28,48,29,116,25,44,105,414,62,121,28,364,1384
2022-05-13,25,42,33,158,58,50,100,252,79,105,30,301,1233
2022-05-14,20,26,32,90,43,44,91,103,61,188,28,293,1019
2022-05-15,13,27,31,94,21,46,87,230,41,85,21,237,933
2022-05-16,21,20,18,61,28,28,50,195,49,82,19,205,776
2022-05-17,23,30,31,119,33,44,138,280,75,109,55,277,1214
2022-05-18,31,36,34,122,35,54,110,242,54,99,26,287,1130
2022-05-19,36,31,32,135,34,54,109,280,75,129,23,452,1390
2022-05-20,30,32,32,109,29,34,112,188,60,88,17,274,1005
2022-05-21,28,29,31,97,35,40,80,238,48,129,12,298,1065
2022-05-22,7,17,32,74,29,26,59,173,36,76,13,168,710
2022-05-23,19,27,10,35,28,22,72,177,34,82,14,172,692
2022-05-24,12,26,20,122,24,39,88,234,58,111,26,299,1059
2022-05-25,27,27,23,78,30,40,103,222,45,108,30,282,1015
2022-05-26,11,31,24,92,17,45,107,270,38,97,19,270,1021
2022-05-27,14,23,17,92,19,38,60,193,0,96,11,210,773
2022-05-28,21,25,25,79,25,33,83,240,1,77,20,243,872
2022-05-29,10,20,14,71,22,33,55,217,34,59,15,230,780
2022-05-30,12,20,19,76,22,17,67,229,43,115,4,242,866
2022-05-31,25,40,31,107,40,33,99,286,18,127,12,363,1181
2022-06-01,25,35,41,138,49,46,120,290,77,104,37,354,1316
2022-06-02,37,24,36,149,46,60,129,337,68,149,32,377,1444
2022-06-03,34,36,43,132,59,43,133,298,86,122,25,388,1399
2022-06-04,36,55,30,158,45,59,130,307,78,138,19,339,1394
2022-06-05,23,42,24,121,43,45,111,275,68,133,20,279,1184
2022-06-06,24,37,22,75,36,39,57,175,63,109,15,288,940
2022-06-07,30,45,25,135,48,69,162,297,82,135,21,320,1369
2022-06-08,34,51,43,225,68,71,169,331,98,202,44,450,1786
2022-06-09,48,68,53,242,92,99,211,544,114,226,42,612,2351
2022-06-10,74,36,49,209,98,98,167,501,129,235,54,495,2145
2022-06-11,52,58,56,255,83,81,197,509,136,270,61,609,2367
2022-06-12,43,53,40,221,72,72,173,358,103,193,27,477,1832
2022-06-13,29,26,41,173,69,63,143,433,101,165,30,446,1719
2022-06-14,54,78,59,340,114,110,304,531,157,292,62,691,2792
2022-06-15,81,83,77,406,129,139,332,659,223,302,62,810,3303
2022-06-16,114,107,111,427,155,174,368,917,226,379,71,991,4040
2022-06-17,101,83,119,411,158,148,441,814,246,333,52,825,3731
2022-06-18,98,94,121,398,136,152,416,759,255,385,94,809,3717
2022-06-19,63,68,103,366,121,156,343,589,190,275,38,1070,3382
2022-06-20,66,57,79,320,78,118,238,679,167,285,54,661,2802
2022-06-21,103,106,147,536,153,191,546,836,279,467,91,1193,4648
2022-06-22,160,126,146,558,166,194,525,867,346,466,102,1050,4706
2022-06-23,135,130,187,576,159,254,572,1085,365,517,99,1269,5348
2022-06-24,180,91,187,605,185,302,606,860,269,488,90,1153,5016
2022-06-25,177,126,163,565,154,259,467,906,294,472,97,1042,4722
2022-06-26,140,94,145,552,129,254,546,758,254,404,62,1026,4364
2022-06-27,118,94,131,447,110,165,265,658,228,331,46,806,3399
2022-06-28,213,85,178,613,206,358,682,1002,359,565,135,1182,5578
2022-06-29,237,166,179,647,232,383,763,1061,484,551,145,1251,6099
2022-06-30,257,144,207,752,250,335,702,1085,480,584,147,1379,6322
2022-07-01,240,138,209,718,166,373,726,1094,496,396,105,1212,5873
2022-07-02,227,149,168,627,224,374,583,958,399,491,117,1178,5495
2022-07-03,125,81,132,535,110,267,444,832,295,316,64,941,4142
2022-07-04,107,100,133,439,105,239,292,664,299,397,57,881,3713
2022-07-05,219,161,181,782,165,407,857,1183,485,631,177,1219,6467
2022-07-06,197,151,169,763,193,412,718,1014,436,486,178,1483,6200
2022-07-07,182,191,191,871,181,459,970,1370,518,636,185,1274,7028
2022-07-08,187,180,157,801,165,390,761,1114,338,484,177,1690,6444
2022-07-09,165,194,159,721,177,399,647,1019,402,563,97,1399,5942
2022-07-10,119,142,111,637,135,260,562,960,272,482,111,1183,4974
2022-07-11,84,120,113,515,122,290,320,768,265,413,86,886,3982
2022-07-12,228,155,191,863,224,450,1030,1117,472,595,232,1551,7108
2022-07-13,195,171,185,835,160,453,838,1113,439,520,169,1461,6539
2022-07-14,164,171,115,891,199,555,873,1185,443,544,173,1503,6816
2022-07-15,182,141,282,738,187,456,785,1124,392,451,153,1327,6218
2022-07-16,168,135,150,717,127,384,700,1000,328,457,151,1062,5379
2022-07-17,85,110,103,492,118,276,556,751,303,323,86,829,4032
2022-07-18,76,79,83,442,115,262,239,569,226,260,100,699,3150
2022-07-19,134,97,129,566,147,387,824,831,359,312,157,862,4805
2022-07-20,130,98,154,557,108,373,639,682,274,311,120,789,4235
2022-07-21,82,92,104,599,122,348,618,635,275,329,121,1031,4356
2022-07-22,124,94,115,672,171,295,759,751,289,311,114,789,4484
2022-07-23,126,103,103,563,87,362,602,672,254,272,109,794,4047
2022-07-24,62,76,71,581,90,270,495,451,186,191,67,614,3154
2022-07-25,67,92,65,501,61,221,163,337,167,158,83,488,2403
2022-07-26,112,80,118,828,97,275,703,547,282,318,135,716,4211
2022-07-27,98,80,105,868,119,347,590,524,206,273,112,597,3919
2022-07-28,63,87,67,697,87,306,514,532,193,222,84,683,3535
2022-07-29,58,63,63,605,76,263,491,466,169,200,74,553,3081
2022-07-30,84,55,59,484,63,207,473,381,141,209,75,540,2771
2022-07-31,43,47,58,447,54,209,323,307,133,208,63,394,2286
2022-08-01,33,49,50,339,54,163,239,243,119,151,38,467,1945
2022-08-02,64,55,67,513,92,226,597,460,215,239,111,541,3180
2022-08-03,52,55,50,417,58,214,493,419,156,214,61,605,2794
2022-08-04,45,56,66,376,76,165,347,390,167,168,57,418,2331
2022-08-05,49,72,65,319,63,177,338,404,103,183,49,524,2346
2022-08-06,57,39,63,287,45,174,281,263,110,154,49,432,1954
2022-08-07,43,26,43,249,36,131,234,221,63,155,50,314,1565
2022-08-08,25,27,48,196,39,99,100,167,100,87,40,252,1180
2022-08-09,56,41,32,282,58,132,337,357,114,181,58,423,2071
2022-08-10,36,62,80,223,53,145,272,354,112,192,52,464,2045
2022-08-11,38,44,53,204,52,98,229,275,127,148,56,377,1701
2022-08-12,23,42,60,223,40,151,297,304,99,176,46,361,1822
2022-08-13,30,42,48,179,52,133,213,281,98,163,42,345,1626
2022-08-14,33,30,45,155,41,123,169,200,70,132,25,283,1306
2022-08-15,17,15,44,113,23,72,67,183,71,72,24,218,919
2022-08-16,46,49,67,215,59,152,268,276,85,145,43,460,1865
2022-08-17,35,30,63,204,41,125,209,259,124,119,33,382,1624
2022-08-18,24,2,6,58,26,14,35,43,48,17,9,41,323
2022-08-19,44,54,75,305,39,189,320,406,134,208,70,546,2390
2022-08-20,21,38,31,146,33,70,160,226,89,156,18,256,1244
2022-08-21,9,24,50,124,18,87,110,165,39,74,16,272,988
2022-08-22,23,17,29,99,21,57,50,105,44,84,15,206,750
2022-08-23,33,23,31,165,33,79,199,221,102,142,31,260,1319
2022-08-24,28,21,43,161,31,104,163,167,76,104,35,299,1232
2022-08-25,26,26,20,129,43,108,138,195,108,99,14,260,1166
2022-08-26,23,32,37,137,31,68,150,188,63,115,25,261,1130
2022-08-27,30,26,33,179,24,88,132,190,65,95,18,277,1157
2022-08-28,20,17,26,127,20,68,119,148,40,57,12,159,813
2022-08-29,27,27,30,108,26,60,63,116,45,66,23,161,752
2022-08-30,23,41,30,168,33,87,188,189,93,141,43,219,1255
2022-08-31,50,26,37,159,45,86,142,181,91,78,20,245,1160
2022-09-01,39,33,24,150,36,84,153,196,75,87,25,240,1142
2022-09-02,21,27,35,140,39,66,190,181,89,97,21,274,1180
2022-09-03,27,22,26,155,35,93,129,160,86,115,23,217,1088
2022-09-04,16,20,15,106,19,76,121,145,68,70,14,191,861
2022-09-05,28,21,67,103,30,60,50,126,59,66,9,163,782
2022-09-06,38,33,45,201,42,103,188,203,115,109,33,294,1404
2022-09-07,36,28,61,181,38,93,155,230,127,129,39,298,1415
2022-09-08,51,35,37,172,40,75,136,200,111,119,22,303,1301
2022-09-09,38,23,36,169,48,85,127,174,98,78,23,278,1177
2022-09-10,19,20,27,130,31,95,156,200,79,110,17,266,1150
2022-09-11,19,25,33,109,38,70,103,142,60,85,15,165,864
2022-09-12,9,22,21,111,15,52,41,124,89,77,5,155,721
2022-09-13,52,29,56,178,39,92,195,239,117,139,26,294,1456
2022-09-14,64,18,47,158,66,107,180,252,113,88,24,263,1380
2022-09-15,43,36,40,180,60,104,174,233,121,119,33,337,1480
2022-09-16,33,31,61,165,36,95,153,233,106,99,22,303,1337
2022-09-17,21,19,35,176,30,108,164,157,104,74,20,210,1118
2022-09-18,23,20,35,116,33,61,93,141,80,78,14,184,878
2022-09-19,17,24,11,110,26,88,37,148,65,71,5,132,734
2022-09-20,54,36,45,176,51,129,251,230,116,148,62,339,1637
2022-09-21,66,34,60,221,51,170,246,252,134,118,40,269,1661
2022-09-22,56,37,45,238,63,145,213,249,155,129,32,353,1715
2022-09-23,35,35,82,236,56,150,287,296,154,144,41,330,1846
2022-09-24,43,25,65,215,63,113,250,265,114,135,41,1,1330
2022-09-25,18,36,52,250,38,152,202,175,88,117,21,1,1150
2022-09-26,18,26,45,204,52,141,49,190,102,105,5,1,938
2022-09-27,78,60,67,377,88,224,387,355,196,183,58,1,2074
2022-09-28,77,44,81,360,71,192,417,310,217,177,77,1,2024
2022-09-29,81,36,78,391,104,243,398,420,216,223,51,1,2242
2022-09-30,87,56,115,439,72,286,477,440,230,205,66,0,2473
2022-10-01,76,52,87,351,80,248,463,362,255,223,52,1,2250
2022-10-02,46,49,101,315,60,218,311,239,182,143,29,1,1694
2022-10-03,33,39,58,291,50,187,117,208,165,145,44,1,1338
2022-10-04,166,60,103,521,158,293,654,542,294,222,82,1,3096
2022-10-05,137,72,130,484,101,353,612,440,283,231,98,1,2942
2022-10-06,108,60,130,572,145,359,565,556,322,307,79,1,3204
2022-10-07,119,101,141,508,95,281,507,516,274,247,81,1,2871
2022-10-08,112,67,109,496,105,311,514,537,259,270,66,1,2847
2022-10-09,41,55,93,382,80,244,393,318,159,184,53,1,2003
2022-10-10,41,49,72,310,53,193,170,295,153,227,51,1,1615
2022-10-11,120,56,95,522,118,299,608,521,327,308,87,1,3062
2022-10-12,109,73,92,476,97,301,598,475,258,268,104,0,2851
2022-10-13,99,63,137,488,92,328,517,533,227,300,74,1,2859
2022-10-14,106,50,103,473,95,321,550,472,246,278,74,1,2769
2022-10-15,75,50,82,417,93,278,526,452,198,348,103,1,2623
2022-10-16,27,49,98,317,52,243,394,322,145,185,52,1,1885
2022-10-17,34,43,45,299,37,195,167,301,130,206,54,1,1512
2022-10-18,113,44,79,538,122,341,629,528,204,365,107,1,3071
2022-10-19,111,64,98,455,100,274,447,415,175,289,67,1,2496
2022-10-20,42,42,42,368,47,234,461,368,147,249,60,1,2061
2022-10-21,102,0,32,181,45,25,101,192,30,11,11,1,731
2022-10-22,85,112,150,616,106,443,765,649,272,428,122,1,3749
2022-10-23,36,35,59,270,53,147,251,226,80,144,47,1,1349
2022-10-24,44,39,53,231,37,148,102,216,82,151,44,0,1147
2022-10-25,104,39,77,328,66,213,416,369,139,237,57,1,2046
2022-10-26,68,56,93,267,69,187,339,342,126,185,53,1,1786
2022-10-27,71,47,65,251,88,192,245,359,123,158,46,1,1646
2022-10-28,54,29,64,233,50,184,321,346,105,125,37,1,1549
2022-10-29,29,37,47,195,55,162,161,266,72,156,46,1,1227
2022-10-30,18,30,29,166,37,146,160,162,79,88,23,1,939
2022-10-31,34,26,41,133,14,150,74,165,67,110,22,1,837
2022-11-01,58,39,58,233,66,214,262,294,91,157,36,1,1509
2022-11-02,28,23,32,163,43,180,228,207,90,103,33,1,1131
2022-11-03,49,26,52,163,51,124,139,172,81,135,51,1,1044
2022-11-04,47,25,45,140,33,105,167,179,67,105,23,1,937
2022-11-05,21,27,50,119,41,80,120,218,59,85,16,1,837
2022-11-06,11,19,32,91,22,69,92,102,43,60,17,0,558
2022-11-07,20,30,14,76,15,54,54,113,30,75,15,1,497
2022-11-08,48,25,39,144,46,119,149,181,72,84,25,1,933
2022-11-09,33,23,24,115,30,80,144,180,53,82,34,1,799
2022-11-10,14,28,34,102,22,107,103,226,65,85,28,1,815
2022-11-11,17,32,26,105,34,99,107,155,54,78,28,1,736
2022-11-12,10,29,23,80,22,71,99,190,48,71,31,1,675
2022-11-13,5,13,18,58,12,76,51,114,27,49,16,1,440
2022-11-14,4,14,12,51,9,44,23,85,19,39,15,1,316
2022-11-15,30,19,19,125,24,90,125,215,49,74,20,1,791
2022-11-16,13,22,11,99,23,90,129,152,57,63,29,1,689
2022-11-17,20,24,26,107,19,81,108,164,49,70,27,1,696
2022-11-18,13,17,19,84,25,81,104,142,33,78,24,0,620
2022-11-19,8,20,30,110,19,56,99,162,25,66,11,1,607
2022-11-20,10,21,12,60,12,59,73,70,17,47,11,1,393
2022-11-21,9,11,10,70,9,38,42,66,23,29,17,1,325
2022-11-22,19,15,27,120,16,101,182,139,41,62,23,1,746
2022-11-23,11,17,25,103,29,76,115,106,45,86,18,1,632
2022-11-24,19,25,34,98,23,73,89,136,34,64,20,1,616
2022-11-25,13,24,15,108,27,64,103,140,42,59,27,1,623
2022-11-26,13,21,40,93,30,55,71,136,41,58,31,1,590
2022-11-27,4,16,14,73,12,44,57,64,28,59,12,1,384
2022-11-28,9,15,31,46,9,31,25,74,29,34,15,1,319
2022-11-29,14,28,38,124,13,84,124,184,70,96,23,1,799
2022-11-30,13,17,29,100,31,59,101,157,67,98,23,1,696
2022-12-01,16,14,28,132,22,75,94,139,43,80,32,0,675
2022-12-02,14,23,38,85,34,70,102,199,56,65,35,1,722
2022-12-03,18,20,24,94,27,68,73,155,38,61,24,1,603
2022-12-04,13,12,8,62,11,42,60,63,26,47,6,1,351
2022-12-05,11,19,14,63,10,26,33,79,15,50,20,1,341
2022-12-06,11,29,28,114,19,67,113,155,67,107,23,1,734
2022-12-07,24,23,30,120,17,68,92,170,61,81,16,1,703
2022-12-08,24,26,37,116,26,76,101,153,45,99,28,1,732
2022-12-09,15,21,22,106,22,66,96,160,65,77,31,1,682
2022-12-10,12,20,19,98,24,64,104,136,39,104,81,1,702
2022-12-11,6,9,30,69,21,47,51,68,29,46,13,1,390
2022-12-12,6,18,15,54,8,25,9,92,22,34,6,1,290
2022-12-13,26,21,31,151,43,87,143,184,77,91,37,0,891
2022-12-14,59,24,18,127,24,70,104,144,63,79,48,1,761
2022-12-15,84,18,17,122,19,69,104,165,54,122,24,1,799
2022-12-16,31,26,46,90,23,79,88,149,34,67,21,1,655
2022-12-17,12,12,56,99,41,60,78,129,37,100,25,1,650
2022-12-18,15,18,25,74,9,56,36,87,29,47,22,1,419
2022-12-19,8,13,24,77,8,41,31,100,34,32,15,1,384
2022-12-20,40,23,39,132,36,75,149,144,89,133,29,1,890
2022-12-21,25,39,48,205,28,111,101,219,64,141,39,1,1021
2022-12-22,14,31,31,182,33,72,175,207,79,98,45,1,968
2022-12-23,70,36,57,192,17,100,135,156,64,126,38,1,992
2022-12-24,29,30,28,163,32,91,116,207,74,99,32,1,902
2022-12-25,9,19,16,108,10,71,72,102,40,51,27,0,525
2022-12-26,12,17,38,76,8,24,22,40,22,36,6,1,302
2022-12-27,12,10,40,83,10,61,53,118,50,54,9,1,501
2022-12-28,15,33,19,186,37,89,113,206,83,98,62,1,942
2022-12-29,18,20,67,166,41,77,137,178,81,162,35,1,983
2022-12-30,32,23,44,118,22,48,79,158,74,50,29,1,678
2022-12-31,23,13,34,164,30,72,74,175,47,133,33,1,799
2023-01-01,4,9,13,90,29,44,47,73,27,72,31,64,503
2023-01-02,13,6,30,64,3,18,26,41,20,15,4,50,290
2023-01-03,19,17,25,136,33,73,181,138,59,54,42,225,1002
2023-01-04,23,18,33,143,33,43,88,131,64,53,33,237,899
2023-01-05,60,11,17,109,16,48,47,152,49,84,19,142,754
2023-01-06,55,14,27,81,22,47,81,147,37,110,15,141,777
2023-01-07,9,22,25,108,10,45,60,68,27,54,24,141,593
2023-01-08,4,7,16,38,13,12,32,45,24,29,10,35,265
2023-01-09,8,4,4,28,0,9,6,58,11,15,10,64,217
2023-01-10,26,17,14,127,24,62,104,142,61,38,17,143,775
2023-01-11,19,8,12,67,13,33,59,85,33,40,13,136,518
2023-01-12,14,4,14,70,8,37,50,71,25,14,9,101,417
2023-01-13,9,8,10,59,17,16,55,74,17,26,7,61,359
2023-01-14,1,3,1,31,9,14,10,26,13,11,7,34,160
2023-01-15,4,9,12,35,3,10,20,25,16,27,6,17,184
2023-01-16,7,3,5,10,1,2,12,37,7,4,7,48,143
2023-01-17,9,7,6,83,21,42,64,68,25,28,8,87,448
2023-01-18,14,1,11,26,14,17,22,39,15,24,16,69,268
2023-01-19,6,3,4,55,8,24,37,56,30,40,8,75,346
2023-01-20,7,5,13,43,7,15,24,62,19,19,9,50,273
2023-01-21,9,2,12,32,12,26,22,35,20,32,9,40,251
2023-01-22,4,0,3,18,1,4,7,21,7,19,5,11,100
2023-01-23,6,3,4,6,5,4,4,23,7,6,5,31,104
2023-01-24,7,3,2,45,7,38,45,49,31,35,3,79,344
2023-01-25,10,6,9,42,3,18,34,41,26,27,7,50,273
2023-01-26,4,9,8,48,9,25,26,40,19,18,4,68,278
2023-01-27,12,1,6,44,12,20,36,35,13,54,9,55,297
2023-01-28,4,5,6,60,5,31,23,36,28,28,9,74,309
2023-01-29,1,1,6,33,2,10,9,20,6,12,3,19,122
2023-01-30,5,7,0,16,1,4,7,24,2,11,1,43,121
2023-01-31,20,5,10,74,25,54,85,50,44,32,5,87,491
2023-02-01,9,10,4,42,6,29,27,68,27,38,11,86,357
2023-02-02,12,3,15,72,9,31,59,40,42,37,9,87,416
2023-02-03,10,3,6,72,10,37,29,72,21,27,14,71,372
2023-02-04,2,8,10,58,13,30,38,46,25,26,11,79,346
2023-02-05,4,3,6,33,6,13,19,24,10,17,6,16,157
2023-02-06,7,3,13,27,2,13,15,21,6,11,8,28,154
2023-02-07,6,6,11,123,18,68,105,95,37,39,12,133,653
2023-02-08,11,7,12,80,10,43,52,72,26,53,11,76,453
2023-02-09,9,11,15,84,17,34,96,58,23,31,10,85,473
2023-02-10,11,5,11,50,14,36,67,56,25,22,5,85,387
2023-02-11,5,3,11,57,7,29,81,54,29,15,13,86,390
2023-02-12,3,2,1,19,4,18,14,23,11,21,7,24,147
2023-02-13,7,11,15,30,3,12,4,30,12,22,0,28,174
2023-02-14,17,7,11,124,27,76,141,95,47,43,22,181,791
2023-02-15,11,5,5,83,20,49,89,95,31,76,10,109,583
2023-02-16,12,14,14,75,20,49,124,96,49,54,14,110,631
2023-02-17,7,11,6,102,7,77,67,88,25,49,16,100,555
2023-02-18,6,6,12,61,32,60,90,117,27,42,10,91,554
2023-02-19,9,3,2,26,7,13,26,47,13,33,7,42,228
2023-02-20,2,11,4,31,4,18,15,38,14,22,6,36,201
2023-02-21,27,5,30,215,36,76,148,161,67,39,12,155,971
2023-02-22,22,8,4,111,24,64,109,110,29,120,4,116,721
2023-02-23,21,13,15,144,24,78,149,83,61,65,20,129,802
2023-02-24,20,7,13,142,17,93,148,128,62,60,26,113,829
2023-02-25,8,8,5,115,13,73,196,104,31,40,14,103,710
2023-02-26,11,18,0,21,4,29,58,21,8,17,14,17,218
2023-02-27,2,7,8,15,0,17,19,34,2,6,5,23,138
2023-02-28,38,8,8,189,21,133,208,110,69,20,16,181,1001
2023-03-01,16,10,16,129,15,60,180,94,41,53,20,92,726
2023-03-02,5,9,14,83,10,69,118,67,50,42,9,106,582
2023-03-03,12,4,14,107,5,63,107,66,29,30,14,84,535
2023-03-04,1,17,16,122,15,47,56,92,33,26,9,67,501
2023-03-05,2,1,1,11,7,8,9,14,18,40,12,12,135
2023-03-06,2,5,20,8,10,6,11,33,6,4,5,16,126
2023-03-07,30,17,6,241,6,135,239,130,63,51,23,199,1140
2023-03-08,13,18,32,141,18,57,176,86,27,42,23,161,794
2023-03-09,14,15,28,109,4,60,163,131,41,64,13,109,751
2023-03-10,13,14,10,123,9,49,67,118,30,24,8,91,556
2023-03-11,13,6,21,96,14,58,329,71,49,36,6,91,790
2023-03-12,13,6,4,12,2,3,6,20,8,20,6,15,115
2023-03-13,12,2,0,10,0,31,69,24,1,0,8,29,186
2023-03-14,13,15,26,129,19,63,118,41,39,30,11,398,902
2023-03-15,13,15,4,136,22,55,80,121,57,42,6,180,731
2023-03-16,1,13,23,57,11,29,75,56,30,37,1,26,359
2023-03-17,30,8,30,63,11,37,93,60,31,8,9,25,405
2023-03-18,15,10,10,38,26,13,53,39,16,67,26,26,339
2023-03-19,0,1,0,0,0,0,0,23,0,28,14,1,67
2023-03-20,2,9,12,57,0,8,7,22,30,16,7,44,214
2023-03-21,17,11,24,88,15,51,92,90,18,57,0,147,610
2023-03-22,6,8,11,70,6,29,52,45,14,42,9,88,380
2023-03-23,6,2,15,28,10,17,30,49,21,18,12,75,283
2023-03-24,9,10,5,47,8,21,24,44,19,22,12,87,308
2023-03-25,9,4,7,33,2,13,4,41,5,4,8,40,170
2023-03-26,0,0,0,0,0,3,0,8,4,0,3,0,18
2023-03-27,10,8,16,35,18,2,10,21,17,14,2,31,184
2023-03-28,2,9,13,80,5,37,74,73,11,42,8,112,466
2023-03-29,7,4,18,47,2,22,25,28,15,19,4,101,292
2023-03-30,7,2,8,35,7,6,17,26,7,12,2,48,177
2023-03-31,4,6,8,20,11,8,13,21,17,35,0,59,202
2023-04-01,0,3,5,19,3,16,1,13,12,12,6,51,141
2023-04-02,0,0,0,0,1,0,0,10,0,0,0,0,11
2023-04-03,0,7,13,18,0,10,12,31,4,23,9,24,151
2023-04-04,17,5,8,65,15,28,63,60,13,20,10,90,394
